Tid,Medelpris
1997M04,731
1997M05,739
1997M06,748
1997M07,752
1997M08,758
1997M09,748
1997M10,738
1997M11,730
1997M12,739
1998M01,754
1998M02,768
1998M03,794
1998M04,786
1998M05,786
1998M06,789
1998M07,811
1998M08,822
1998M09,815
1998M10,805
1998M11,800
1998M12,822
1999M01,850
1999M02,865
1999M03,866
1999M04,854
1999M05,852
1999M06,868
1999M07,878
1999M08,895
1999M09,880
1999M10,879
1999M11,865
1999M12,854
2000M01,868
2000M02,888
2000M03,944
2000M04,932
2000M05,937
2000M06,963
2000M07,977
2000M08,996
2000M09,982
2000M10,968
2000M11,953
2000M12,988
2001M01,1035
2001M02,1078
2001M03,1095
2001M04,1079
2001M05,1057
2001M06,1058
2001M07,1060
2001M08,1080
2001M09,1055
2001M10,1043
2001M11,1032
2001M12,1062
2002M01,1094
2002M02,1129
2002M03,1137
2002M04,1121
2002M05,1101
2002M06,1108
2002M07,1110
2002M08,1121
2002M09,1096
2002M10,1091
2002M11,1120
2002M12,1157
2003M01,1216
2003M02,1231
2003M03,1237
2003M04,1213
2003M05,1196
2003M06,1209
2003M07,1209
2003M08,1227
2003M09,1209
2003M10,1219
2003M11,1222
2003M12,1268
2004M01,1313
2004M02,1336
2004M03,1328
2004M04,1329
2004M05,1316
2004M06,1336
2004M07,1331
2004M08,1349
2004M09,1328
2004M10,1324
2004M11,1323
2004M12,1392
2005M01,1443
2005M02,1480
2005M03,1439
2005M04,1417
2005M05,1409
2005M06,1449
2005M07,1460
2005M08,1478
2005M09,1463
2005M10,1444
2005M11,1455
2005M12,1500
2006M01,1576
2006M02,1613
2006M03,1634
2006M04,1610
2006M05,1590
2006M06,1610
2006M07,1613
2006M08,1635
2006M09,1601
2006M10,1597
2006M11,1596
2006M12,1677
2007M01,1727
2007M02,1760
2007M03,1736
2007M04,1738
2007M05,1728
2007M06,1784
2007M07,1789
2007M08,1826
2007M09,1778
2007M10,1773
2007M11,1788
2007M12,1840
2008M01,1881
2008M02,1897
2008M03,1887
2008M04,1859
2008M05,1815
2008M06,1835
2008M07,1839
2008M08,1855
2008M09,1814
2008M10,1775
2008M11,1746
2008M12,1742
2009M01,1813
2009M02,1824
2009M03,1868
2009M04,1844
2009M05,1876
2009M06,1924
2009M07,1943
2009M08,1969
2009M09,1926
2009M10,1890
2009M11,1868
2009M12,1918
2010M01,2009
2010M02,2048
2010M03,2060
2010M04,2009
2010M05,2009
2010M06,2034
2010M07,2035
2010M08,2044
2010M09,1991
2010M10,1981
2010M11,1965
2010M12,2025
2011M01,2095
2011M02,2135
2011M03,2138
2011M04,2092
2011M05,2042
2011M06,2062
2011M07,2049
2011M08,2081
2011M09,2043
2011M10,2007
2011M11,1957
2011M12,1986
2012M01,2087
2012M02,2145
2012M03,2142
2012M04,2058
2012M05,2040
2012M06,2078
2012M07,2094
2012M08,2121
2012M09,2082
2012M10,2064
2012M11,2058
2012M12,2109
2013M01,2196
2013M02,2240
2013M03,2243
2013M04,2207
2013M05,2194
2013M06,2218
2013M07,2217
2013M08,2246
2013M09,2213
2013M10,2205
2013M11,2205
2013M12,2261
2014M01,2333
2014M02,2351
2014M03,2364
2014M04,2332
2014M05,2337
2014M06,2377
2014M07,2360
2014M08,2408
2014M09,2353
2014M10,2346
2014M11,2302
2014M12,2371
2015M01,2479
2015M02,2548
2015M03,2575
2015M04,2526
2015M05,2500
2015M06,2542
2015M07,2591
2015M08,2624
2015M09,2584
2015M10,2545
2015M11,2513
2015M12,2574
2016M01,2671
2016M02,2751
2016M03,2788
2016M04,2751
2016M05,2763
2016M06,2779
2016M07,2760
2016M08,2792
2016M09,2778
2016M10,2777
2016M11,2726
2016M12,2768
2017M01,2864
2017M02,2942
2017M03,2952
2017M04,2939
2017M05,2905
2017M06,2983
2017M07,2953
2017M08,3002
2017M09,2965
2017M10,2990
2017M11,2966
2017M12,2983
2018M01,3065
2018M02,3145
2018M03,3173
2018M04,3117
2018M05,3070
2018M06,3042
2018M07,2949
2018M08,2948
2018M09,2871
2018M10,2881
2018M11,2831
2018M12,2880
2019M01,2997
2019M02,3050
2019M03,3100
2019M04,3043
2019M05,3033
2019M06,3033
2019M07,2999
2019M08,3037
2019M09,3014
2019M10,3025
2019M11,2993
2019M12,3037
2020M01,3178
2020M02,3259
2020M03,3284
2020M04,3210
2020M05,3171
2020M06,3201
2020M07,3201
2020M08,3274
2020M09,3275
2020M10,3275
2020M11,3252
2020M12,3321
2021M01,3744
2021M02,3722
2021M03,3734
2021M04,3721
2021M05,3677
2021M06,3753
2021M07,3752
2021M08,3899
2021M09,3883
2021M10,3915
2021M11,3785
2021M12,3774
2022M01,4125
2022M02,4112
2022M03,4074
2022M04,4014
2022M05,3943
2022M06,4008
2022M07,3992
2022M08,4046
2022M09,3970
2022M10,3889
2022M11,3722
2022M12,3592
2023M01,3753
2023M02,3740
2023M03,3722
2023M04,3658
2023M05,3604
2023M06,3598
2023M07,3538
2023M08,3578
2023M09,3526
2023M10,3550
2023M11,3476
2023M12,3480
2024M01,3825
2024M02,3824
2024M03,3803
2024M04,3773
2024M05,3702
2024M06,3765
2024M07,3704
2024M08,3792
2024M09,3736
2024M10,3764
2024M11,3708
2024M12,3730
2025M01,3853
2025M02,3953
2025M03,4037
2025M04,4024
2025M05,3969
2025M06,3945
2025M07,3851
2025M08,3900
2025M09,3868
2025M10,3878
2025M11,3795
2025M12,3810
2026M01,3918
2026M02,4036
2026M03,4168
2026M04,4094
2026M05,4041
2026M06,3989
2026M07,3962
2026M08,4046
